<?xml version="1.0"?>
<psalm
    errorLevel="5"
    resolveFromConfigFile="true"
    xmlns:xsi="http://www.w3.org/2001/XMLSchema-instance"
    xmlns="https://getpsalm.org/schema/config"
    xsi:schemaLocation="https://getpsalm.org/schema/config vendor/vimeo/psalm/config.xsd"
    findUnusedBaselineEntry="true"
    findUnusedCode="false"
    bootstrap="phpstan-bootstrap.php"
    allConstantsGlobal="true"
>
    <projectFiles>
        <directory name="Modules" />
        <ignoreFiles>
            <directory name="vendor" />
        </ignoreFiles>
    </projectFiles>
    <stubs>
        <file name="psalm-stubs.php" />
    </stubs>
</psalm>
